-- =========================================================================
-- Meridian — seed data from source spreadsheet
-- Run after schema.sql
-- =========================================================================

-- ---------- Incoterms ----------
insert into incoterms (code, full_name, delivery_point, risk_transfer, cost_responsibility) values
  ('EXW', 'Ex Works', 'Seller''s premises', 'At seller''s location', 'Buyer'),
  ('FCA', 'Free Carrier', 'Agreed place (e.g., port, terminal)', 'When goods handed to carrier', 'Seller (up to handoff), then Buyer'),
  ('CPT', 'Carriage Paid To', 'Named place of destination', 'When goods handed to first carrier', 'Seller'),
  ('CIP', 'Carriage and Insurance Paid To', 'Named place of destination', 'When goods handed to first carrier', 'Seller (includes insurance)'),
  ('DAP', 'Delivered at Place', 'Named place in buyer''s country', 'Upon arrival at destination (not unloaded)', 'Seller'),
  ('DPU', 'Delivered at Place Unloaded', 'Named place in buyer''s country', 'Upon unloading at destination', 'Seller'),
  ('DDP', 'Delivered Duty Paid', 'Buyer''s premises', 'Upon arrival at buyer''s location', 'Seller (includes all duties)'),
  ('FAS', 'Free Alongside Ship', 'Port of shipment', 'When goods placed alongside ship', 'Seller (up to dock), then Buyer'),
  ('FOB', 'Free On Board', 'Port of shipment', 'When goods are on board the ship', 'Seller (up to ship), then Buyer'),
  ('CFR', 'Cost and Freight', 'Port of destination', 'When goods are on board the ship', 'Seller (freight only)'),
  ('CIF', 'Cost, Insurance & Freight', 'Port of destination', 'When goods are on board the ship', 'Seller (includes insurance)')
on conflict (code) do nothing;

-- ---------- Commodity Codes ----------
insert into commodity_codes (code, product_type, tariff_description) values
  ('0901 21 00 00', 'Standard Coffee', 'Roasted coffee, not decaffeinated'),
  ('0901 22 00 00', 'Decaf Coffee', 'Roasted coffee, decaffeinated'),
  ('2101 11 00 00', 'Instant Coffee', 'Extracts, essences and concentrates of coffee'),
  ('2101 12 92 00', 'Flavoured Pods', 'Preparations with a basis of coffee (containing no milkfats/sugar)'),
  ('2202 99 15 00', 'Iced Coffee Cans', 'Non-alcoholic beverages (not containing milk fats or proteins)')
on conflict (code) do nothing;

-- ---------- VAT Registrations ----------
insert into vat_registrations (country_code, registration_type, registration_date, vat_number, managed_by_avask, filing_period, status, comment) values
  ('CZ', 'Standard', '2022-02-01', 'CZ685778276', true, 'Monthly', 'Active', null),
  ('DE', 'Standard', '2022-02-01', 'DE351422964', true, 'Annually', 'Active', null),
  ('ES', 'Standard', '2022-02-01', 'ESN0238538C', true, 'Quarterly', 'Active', 'Query on hold'),
  ('FR', 'Standard', '2022-02-01', 'FR31910787100', true, 'Monthly', 'Active', null),
  ('IT', 'Standard', '2022-02-01', 'IT03988470047', true, 'Quarterly', 'Active', 'Query on hold'),
  ('PL', 'Standard', '2022-02-01', 'PL5263539466', true, 'Monthly', 'Active', null),
  ('GB', 'Standard', '2026-02-01', 'GB337104819', false, 'Unset', 'Active', 'Not with AVASK')
on conflict (country_code) do nothing;

-- ---------- Sample shipments so the UI isn't empty ----------
-- ref is auto-generated by the trigger; leaving it null
insert into shipments (origin_country, destination_country, supplier_name, haulier_name, incoterm, commodity_code, product_type, invoice_value, currency, ior_name, reason, status)
values
  ('Brazil', 'United Kingdom', 'Falcon Coffees', 'DHL Global', 'DDP', '0901 21 00 00', 'Standard Coffee', 12480.00, 'GBP', 'Meridian UK Ltd', 'Import of green coffee beans for UK roasting', 'active'),
  ('Germany', 'France', 'Hamburg Roasters', 'DPD', 'DAP', '2101 12 92 00', 'Flavoured Pods', 3200.00, 'EUR', 'Meridian FR', 'B2B pallet of flavoured pods', 'active'),
  ('Colombia', 'Italy', 'Andes Verde', 'Europa', 'FOB', '0901 22 00 00', 'Decaf Coffee', 8100.00, 'EUR', null, 'Decaf beans to Milan warehouse', 'review'),
  ('United Kingdom', 'Spain', 'Meridian UK', 'DHL Global', 'DDP', '0901 21 00 00', 'Standard Coffee', 2400.00, 'EUR', null, '227g bag retail order', 'alert'),
  ('Ethiopia', 'Poland', 'Yirgacheffe Coop', 'Maersk', 'CIF', '0901 21 00 00', 'Standard Coffee', 14200.00, 'EUR', 'Meridian PL', 'Single-origin container', 'active'),
  ('United Kingdom', 'United States', 'Meridian UK', 'DHL Express', 'EXW', '2101 11 00 00', 'Instant Coffee', 980.00, 'USD', null, 'Sample shipment for buyer review', 'draft');
